timestamp	experiment_id	hypothesis	changed_files	artifact_inputs	method_category	status	train_total_return	train_sharpe	val_total_return	val_sharpe	oos_total_return	oos_sharpe	memory_evidence_path	notes	source_type	source_run_id	source_artifact_path	crash_kind
2026-03-10T13:05:22.540719+00:00	exact-window-crash::metals_all_4h_20260309T124031Z	Recovered exact-window crash metals_all_4h_20260309T124031Z on unspecified timeframes	[]	"[""/home/hoky/Quants-agent/LuminaQuant/logs/lq-exact-extended-followups-20260309t124031z.log"", ""/home/hoky/Quants-agent/LuminaQuant/var/reports/exact_window_specialized/metals_all_4h_20260309/metals_all_4h_20260309T124031Z/4h/exact_window_candidate_details_latest.json"", ""/home/hoky/Quants-agent/LuminaQuant/var/reports/exact_window_specialized/metals_all_4h_20260309/metals_all_4h_20260309T124031Z/4h/exact_window_suite_summary_latest.json"", ""/home/hoky/Quants-agent/LuminaQuant/var/reports/exact_window_specialized/metals_all_4h_20260309/metals_all_4h_20260309T124031Z/manifest.json""]"	backtest	crash							/home/hoky/Quants-agent/LuminaQuant/var/reports/exact_window_specialized/metals_all_4h_20260309/exact_window_memory_evidence_latest.json	Exact-window suite produced no evaluated candidates.	exact_window_log_archive	metals_all_4h_20260309T124031Z	/home/hoky/Quants-agent/LuminaQuant/logs/lq-exact-extended-followups-20260309t124031z.log	invalid_idea
2026-03-10T13:05:22.540754+00:00	exact-window-crash::mixed_2asset_4h_20260309T124031Z	Recovered exact-window crash mixed_2asset_4h_20260309T124031Z on unspecified timeframes	[]	"[""/home/hoky/Quants-agent/LuminaQuant/logs/lq-exact-extended-followups-20260309t124031z.log"", ""/home/hoky/Quants-agent/LuminaQuant/var/reports/exact_window_specialized/mixed_2asset_4h_20260309/mixed_2asset_4h_20260309T124031Z/4h/exact_window_candidate_details_latest.json"", ""/home/hoky/Quants-agent/LuminaQuant/var/reports/exact_window_specialized/mixed_2asset_4h_20260309/mixed_2asset_4h_20260309T124031Z/4h/exact_window_suite_summary_latest.json"", ""/home/hoky/Quants-agent/LuminaQuant/var/reports/exact_window_specialized/mixed_2asset_4h_20260309/mixed_2asset_4h_20260309T124031Z/manifest.json""]"	backtest	crash							/home/hoky/Quants-agent/LuminaQuant/var/reports/exact_window_specialized/mixed_2asset_4h_20260309/exact_window_memory_evidence_latest.json	Exact-window suite produced no evaluated candidates.	exact_window_log_archive	mixed_2asset_4h_20260309T124031Z	/home/hoky/Quants-agent/LuminaQuant/logs/lq-exact-extended-followups-20260309t124031z.log	invalid_idea
2026-03-10T13:05:22.543151+00:00	exact-window-crash::bounded_4h_1d_metals_adaptive_20260309T125425Z	Recovered exact-window crash bounded_4h_1d_metals_adaptive_20260309T125425Z on unspecified timeframes	[]	"[""/home/hoky/Quants-agent/LuminaQuant/logs/lq-exact-metals-adaptive-20260309t125425Z.service.log"", ""/home/hoky/Quants-agent/LuminaQuant/var/reports/exact_window_backtests/timeframes_4h_1d_metals_adaptive_20260309/bounded_4h_1d_metals_adaptive_20260309T125425Z/4h-1d/exact_window_candidate_details_latest.json"", ""/home/hoky/Quants-agent/LuminaQuant/var/reports/exact_window_backtests/timeframes_4h_1d_metals_adaptive_20260309/bounded_4h_1d_metals_adaptive_20260309T125425Z/4h-1d/exact_window_suite_summary_latest.json"", ""/home/hoky/Quants-agent/LuminaQuant/var/reports/exact_window_backtests/timeframes_4h_1d_metals_adaptive_20260309/bounded_4h_1d_metals_adaptive_20260309T125425Z/manifest.json""]"	backtest	crash							/home/hoky/Quants-agent/LuminaQuant/var/reports/exact_window_backtests/timeframes_4h_1d_metals_adaptive_20260309/exact_window_memory_evidence_latest.json	Adaptive exact-window profile needs at least 36 days of overlapping history, found 35.	exact_window_log_archive	bounded_4h_1d_metals_adaptive_20260309T125425Z	/home/hoky/Quants-agent/LuminaQuant/logs/lq-exact-metals-adaptive-20260309t125425Z.service.log	unclassified
2026-03-10T13:05:22.543867+00:00	exact-window-crash::bounded_4h_1d_metals_adaptive_20260309T130150Z	Recovered exact-window crash bounded_4h_1d_metals_adaptive_20260309T130150Z on unspecified timeframes	[]	"[""/home/hoky/Quants-agent/LuminaQuant/logs/lq-exact-metals-adaptive-20260309t130150z.service.log"", ""/home/hoky/Quants-agent/LuminaQuant/var/reports/exact_window_backtests/timeframes_4h_1d_metals_adaptive_20260309/bounded_4h_1d_metals_adaptive_20260309T130150Z/4h-1d/exact_window_candidate_details_latest.json"", ""/home/hoky/Quants-agent/LuminaQuant/var/reports/exact_window_backtests/timeframes_4h_1d_metals_adaptive_20260309/bounded_4h_1d_metals_adaptive_20260309T130150Z/4h-1d/exact_window_suite_summary_latest.json"", ""/home/hoky/Quants-agent/LuminaQuant/var/reports/exact_window_backtests/timeframes_4h_1d_metals_adaptive_20260309/bounded_4h_1d_metals_adaptive_20260309T130150Z/manifest.json""]"	backtest	crash							/home/hoky/Quants-agent/LuminaQuant/var/reports/exact_window_backtests/timeframes_4h_1d_metals_adaptive_20260309/exact_window_memory_evidence_latest.json	Adaptive exact-window profile needs at least 36 days of overlapping history, found 35.	exact_window_log_archive	bounded_4h_1d_metals_adaptive_20260309T130150Z	/home/hoky/Quants-agent/LuminaQuant/logs/lq-exact-metals-adaptive-20260309t130150z.service.log	unclassified
2026-03-10T13:05:22.545125+00:00	exact-window-crash::bounded_4h_1d_metals_core_adaptive_20260309T125538Z	Recovered exact-window crash bounded_4h_1d_metals_core_adaptive_20260309T125538Z on unspecified timeframes	[]	"[""/home/hoky/Quants-agent/LuminaQuant/logs/lq-exact-metals-core-20260309t125538Z.service.log"", ""/home/hoky/Quants-agent/LuminaQuant/var/reports/exact_window_backtests/timeframes_4h_1d_metals_core_adaptive_20260309/bounded_4h_1d_metals_core_adaptive_20260309T125538Z/4h-1d/exact_window_candidate_details_latest.json"", ""/home/hoky/Quants-agent/LuminaQuant/var/reports/exact_window_backtests/timeframes_4h_1d_metals_core_adaptive_20260309/bounded_4h_1d_metals_core_adaptive_20260309T125538Z/4h-1d/exact_window_suite_summary_latest.json"", ""/home/hoky/Quants-agent/LuminaQuant/var/reports/exact_window_backtests/timeframes_4h_1d_metals_core_adaptive_20260309/bounded_4h_1d_metals_core_adaptive_20260309T125538Z/manifest.json""]"	backtest	crash							/home/hoky/Quants-agent/LuminaQuant/var/reports/exact_window_backtests/timeframes_4h_1d_metals_core_adaptive_20260309/exact_window_memory_evidence_latest.json	Exact-window suite produced no evaluated candidates.	exact_window_log_archive	bounded_4h_1d_metals_core_adaptive_20260309T125538Z	/home/hoky/Quants-agent/LuminaQuant/logs/lq-exact-metals-core-20260309t125538Z.service.log	invalid_idea
2026-03-14T16:00:38.616976+00:00	portfolio::autonomous_cross_sectional_1h_stability_pair_topcap_opt	Validation-only train-stability filtered 1h pair+topcap duo may offer a research-grade robust alternative.	[]	"[""/home/hoky/Quants-agent/LuminaQuant/var/reports/exact_window_backtests/autonomous_cross_sectional_1h_20260314T150019Z/1h/exact_window_suite_summary_latest.json"", ""/home/hoky/Quants-agent/LuminaQuant/var/reports/exact_window_backtests/followup_status/autonomous_cross_sectional_1h_stability_pair_topcap_decision_latest.json"", ""/home/hoky/Quants-agent/LuminaQuant/var/reports/exact_window_backtests/followup_status/autonomous_cross_sectional_1h_stability_pair_topcap_opt/portfolio_optimization_latest.json""]"	portfolio	keep	-0.000817355506857	0.067845027529	0.0249560346859	3.03897008962	0.0254714716008	1.87335835206		Research keep only: positive train/val/oos with higher promotion score than incumbent, but non-promotable because OOS total return is still lower than incumbent under current gate.	autonomous_manual	autonomous_cross_sectional_1h_20260314T150019Z	/home/hoky/Quants-agent/LuminaQuant/var/reports/exact_window_backtests/followup_status/autonomous_cross_sectional_1h_stability_pair_topcap_opt/portfolio_optimization_latest.json	
2026-03-15T04:12:45.566037+00:00	portfolio::autonomous_cross_sectional_1h_tradecount_pair_topcap_opt	promotion score improvement did not clear the base threshold; OOS total return did not improve; OOS max drawdown did not improve	[]	"[""/home/hoky/Quants-agent/LuminaQuant/var/reports/exact_window_backtests/followup_status/autonomous_cross_sectional_1h_tradecount_pair_topcap_opt/portfolio_optimization_latest.json"", ""/home/hoky/Quants-agent/LuminaQuant/var/reports/exact_window_backtests/followup_status/portfolio_max_performance_decision_latest.json""]"	portfolio	discard	-0.0330694386616	-0.216074329096	0.0175902839463	2.23900845528	0.0527509675219	2.64264198855		Autonomous 1h tradecount pair+topcap challenger | promotion score improvement did not clear the base threshold; OOS total return did not improve; OOS max drawdown did not improve | Retain the incumbent and continue with cleanup, evidence collation, and reproducibility hardening.	portfolio_decision	autonomous_cross_sectional_1h_tradecount_pair_topcap_opt	/home/hoky/Quants-agent/LuminaQuant/var/reports/exact_window_backtests/followup_status/autonomous_cross_sectional_1h_tradecount_pair_topcap_opt/portfolio_optimization_latest.json	
2026-03-15T04:26:20.713474+00:00	portfolio::autonomous_triplet_pair_topcap_composite_opt	promotion score improvement did not clear the base threshold; OOS total return did not improve; OOS max drawdown did not improve	[]	"[""/home/hoky/Quants-agent/LuminaQuant/var/reports/exact_window_backtests/followup_status/autonomous_triplet_pair_topcap_composite_opt/portfolio_optimization_latest.json"", ""/home/hoky/Quants-agent/LuminaQuant/var/reports/exact_window_backtests/followup_status/portfolio_max_performance_decision_latest.json""]"	portfolio	discard			0.0251708901332	4.66118540124	0.0559599764338	3.44712090045		Autonomous triplet pair+topcap+composite challenger | promotion score improvement did not clear the base threshold; OOS total return did not improve; OOS max drawdown did not improve | Retain the incumbent and continue with cleanup, evidence collation, and reproducibility hardening.	portfolio_decision	autonomous_triplet_pair_topcap_composite_opt	/home/hoky/Quants-agent/LuminaQuant/var/reports/exact_window_backtests/followup_status/autonomous_triplet_pair_topcap_composite_opt/portfolio_optimization_latest.json	
2026-03-15T05:30:10.149234+00:00	portfolio::autonomous_carry_momentum_anchor_hybrid_opt	Anchored carry+momentum hybrid may improve the incumbent via a low-correlation perp-carry sleeve.	[]	"[""/home/hoky/Quants-agent/LuminaQuant/var/reports/exact_window_backtests/followup_status/autonomous_carry_momentum_anchor_hybrid_comparison_latest.json"", ""/home/hoky/Quants-agent/LuminaQuant/var/reports/exact_window_backtests/followup_status/autonomous_carry_momentum_anchor_hybrid_decision_latest.json"", ""/home/hoky/Quants-agent/LuminaQuant/var/reports/exact_window_backtests/followup_status/autonomous_carry_momentum_anchor_hybrid_latest.json"", ""/home/hoky/Quants-agent/LuminaQuant/var/reports/exact_window_backtests/followup_status/autonomous_carry_momentum_anchor_hybrid_opt/portfolio_optimization_latest.json"", ""/home/hoky/Quants-agent/LuminaQuant/var/reports/exact_window_backtests/followup_status/autonomous_carry_momentum_anchor_hybrid_search/best_search_summary.json""]"	portfolio	discard	0.00869348842876	0.134304198516	0.0254805616159	3.09279662879	0.0408023056613	2.68710671006	/home/hoky/Quants-agent/LuminaQuant/var/reports/exact_window_backtests/followup_status/autonomous_carry_momentum_anchor_hybrid_search/_memory_guard/portfolio_four_sleeve_search_rss_latest.jsonl	Autonomous carry+momentum anchor hybrid challenger | locked-OOS return, Sharpe, and max-drawdown all worsened versus the incumbent despite a small validation-return lift	autonomous_manual	autonomous_carry_momentum_anchor_hybrid_opt	/home/hoky/Quants-agent/LuminaQuant/var/reports/exact_window_backtests/followup_status/autonomous_carry_momentum_anchor_hybrid_decision_latest.json	
2026-03-15T07:10:49.810447+00:00	portfolio::autonomous_residual_topcap_anchor_opt	Residual/factor-neutral topcap momentum may improve the incumbent when substituted for the current topcap sleeve.	[]	"[""/home/hoky/Quants-agent/LuminaQuant/var/reports/exact_window_backtests/autonomous_residual_topcap_1h_retry_20260315T0612Z/1h/exact_window_candidate_details_latest.json"", ""/home/hoky/Quants-agent/LuminaQuant/var/reports/exact_window_backtests/autonomous_residual_topcap_1h_retry_20260315T0612Z/1h/exact_window_suite_summary_latest.json"", ""/home/hoky/Quants-agent/LuminaQuant/var/reports/exact_window_backtests/followup_status/autonomous_residual_topcap_anchor_decision_latest.json"", ""/home/hoky/Quants-agent/LuminaQuant/var/reports/exact_window_backtests/followup_status/autonomous_residual_topcap_anchor_latest.json"", ""/home/hoky/Quants-agent/LuminaQuant/var/reports/exact_window_backtests/followup_status/autonomous_residual_topcap_anchor_opt/portfolio_optimization_latest.json""]"	portfolio	discard	-0.0686380747983	-0.649202790629	0.0234659780518	3.30237920484	0.0488042950518	2.93615974531	/home/hoky/Quants-agent/LuminaQuant/var/reports/exact_window_backtests/autonomous_residual_topcap_1h_retry_20260315T0612Z/1h/exact_window_memory_evidence_latest.json	Autonomous residual/factor-neutral topcap anchor challenger | Residual/factor-neutral topcap improved sleeve-level OOS return but failed at the anchored portfolio level on locked-OOS return, Sharpe, and drawdown; train performance also deteriorated.	autonomous_manual	autonomous_residual_topcap_anchor_opt	/home/hoky/Quants-agent/LuminaQuant/var/reports/exact_window_backtests/followup_status/autonomous_residual_topcap_anchor_decision_latest.json	
2026-03-15T08:20:16.740399+00:00	portfolio::autonomous_fractional_kelly_benchmark	Fractional/capped Kelly-style sleeve weights may improve locked-OOS return without unacceptable drawdown expansion.	[]	"[""/home/hoky/Quants-agent/LuminaQuant/var/reports/exact_window_backtests/followup_status/autonomous_fractional_kelly_benchmark_latest.json"", ""/home/hoky/Quants-agent/LuminaQuant/var/reports/exact_window_backtests/followup_status/portfolio_one_shot_current_opt/portfolio_optimization_latest.json"", ""/home/hoky/Quants-agent/LuminaQuant/var/reports/exact_window_backtests/followup_status/portfolio_one_shot_incumbent_bundle_latest.json""]"	portfolio	discard	0.0718162614182	0.874855351606	0.0363998444619	6.13320974264	0.0468326073142	3.40234766512		Autonomous fractional Kelly benchmark | OOS return/sharpe below incumbent despite lower drawdown.	autonomous_manual	autonomous_fractional_kelly_benchmark	/home/hoky/Quants-agent/LuminaQuant/var/reports/exact_window_backtests/followup_status/autonomous_fractional_kelly_benchmark_latest.json	
2026-03-15T09:43:22.709382+00:00	portfolio::autonomous_fractional_kelly_blend_10pct	A small blend toward capped half-Kelly weights may improve train quality while preserving acceptable locked-OOS behavior.	[]	"[""/home/hoky/Quants-agent/LuminaQuant/var/reports/exact_window_backtests/followup_status/autonomous_fractional_kelly_benchmark_latest.json"", ""/home/hoky/Quants-agent/LuminaQuant/var/reports/exact_window_backtests/followup_status/autonomous_fractional_kelly_blend_10pct_latest.json"", ""/home/hoky/Quants-agent/LuminaQuant/var/reports/exact_window_backtests/followup_status/portfolio_one_shot_incumbent_bundle_latest.json""]"	portfolio	discard	0.035215145085	0.453317955833	0.0262920828376	4.87056006191	0.0550561625648	3.45569672779		Autonomous fractional Kelly blend 10% | train improved materially, OOS return still below incumbent.	autonomous_manual	autonomous_fractional_kelly_blend_10pct	/home/hoky/Quants-agent/LuminaQuant/var/reports/exact_window_backtests/followup_status/autonomous_fractional_kelly_blend_10pct_latest.json	
2026-03-15T09:46:47.974753+00:00	portfolio::autonomous_portfolio_risk_search	Bounded optimizer search on incumbent sleeves may improve train quality or OOS through weight/vol/cap changes alone.	[]	"[""/home/hoky/Quants-agent/LuminaQuant/var/reports/exact_window_backtests/followup_status/autonomous_portfolio_risk_search_latest.json"", ""/home/hoky/Quants-agent/LuminaQuant/var/reports/exact_window_backtests/followup_status/portfolio_one_shot_incumbent_bundle_latest.json""]"	portfolio	discard	0.0282011031353	0.354232091588	0.0296202220315	4.49837394753	0.0476918681503	3.0141782441		Autonomous portfolio risk search | no bounded optimizer variant beat incumbent on locked-OOS return.	autonomous_manual	autonomous_portfolio_risk_search	/home/hoky/Quants-agent/LuminaQuant/var/reports/exact_window_backtests/followup_status/autonomous_portfolio_risk_search_latest.json	
2026-03-15T13:32:34.466835+00:00	portfolio::autonomous_vol_managed_benchmark	promotion score improvement did not clear the base threshold; OOS total return did not improve; OOS max drawdown did not improve	[]	"[""/home/hoky/Quants-agent/LuminaQuant/.omx/team/continue-the-autonomous-portfo/worktrees/worker-1/var/reports/exact_window_backtests/followup_status/portfolio_max_performance_decision_latest.json"", ""/home/hoky/Quants-agent/LuminaQuant/var/reports/exact_window_backtests/followup_status/autonomous_vol_managed_refined_latest.json""]"	portfolio	discard	0.048879104968	0.543152205346	0.0314333437346	5.06726502776	0.0576280027491	3.50611157626		Autonomous vol-managed refined challenger | promotion score improvement did not clear the base threshold; OOS total return did not improve; OOS max drawdown did not improve | Retain the incumbent and continue with cleanup, evidence collation, and reproducibility hardening.	portfolio_decision	autonomous_vol_managed_benchmark	/home/hoky/Quants-agent/LuminaQuant/var/reports/exact_window_backtests/followup_status/autonomous_vol_managed_refined_latest.json	
2026-03-15T13:32:34.466835+00:00	portfolio::backbone_preserving_triplet_search	promotion score improvement did not clear the base threshold; OOS total return did not improve; OOS max drawdown did not improve	[]	"[""/home/hoky/Quants-agent/LuminaQuant/.omx/team/continue-the-autonomous-portfo/worktrees/worker-1/var/reports/exact_window_backtests/followup_status/portfolio_max_performance_decision_latest.json"", ""/home/hoky/Quants-agent/LuminaQuant/var/reports/exact_window_backtests/followup_status/portfolio_backbone_triplet_search_latest.json""]"	portfolio	discard			0.0521236982177	4.0016524001	0.00907929533218	0.503060730311		Backbone-preserving triplet search challenger | promotion score improvement did not clear the base threshold; OOS total return did not improve; OOS max drawdown did not improve | Retain the incumbent and continue with cleanup, evidence collation, and reproducibility hardening.	portfolio_decision	backbone_preserving_triplet_search	/home/hoky/Quants-agent/LuminaQuant/var/reports/exact_window_backtests/followup_status/portfolio_backbone_triplet_search_latest.json	
2026-03-15T13:32:34.466835+00:00	portfolio::causal_dynamic_portfolio	promotion score improvement did not clear the base threshold; OOS total return did not improve	[]	"[""/home/hoky/Quants-agent/LuminaQuant/.omx/team/continue-the-autonomous-portfo/worktrees/worker-1/var/reports/exact_window_backtests/followup_status/portfolio_max_performance_decision_latest.json"", ""/home/hoky/Quants-agent/LuminaQuant/var/reports/exact_window_backtests/followup_status/portfolio_dynamic_online_current/causal_dynamic_portfolio_latest.json""]"	portfolio	discard			0.0238717339254	5.87527375005	0.0317960303299	2.71889244424	/home/hoky/Quants-agent/LuminaQuant/var/reports/exact_window_backtests/followup_status/portfolio_dynamic_online_current/_memory_guard/causal_dynamic_portfolio_memory_latest.json	Causal dynamic challenger | promotion score improvement did not clear the base threshold; OOS total return did not improve | Retain the incumbent and continue with cleanup, evidence collation, and reproducibility hardening.	portfolio_decision	causal_dynamic_portfolio	/home/hoky/Quants-agent/LuminaQuant/var/reports/exact_window_backtests/followup_status/portfolio_dynamic_online_current/causal_dynamic_portfolio_latest.json	
2026-03-15T13:32:34.466835+00:00	portfolio::causal_overlay_portfolio	promotion score improvement did not clear the base threshold; OOS total return did not improve	[]	"[""/home/hoky/Quants-agent/LuminaQuant/.omx/team/continue-the-autonomous-portfo/worktrees/worker-1/var/reports/exact_window_backtests/followup_status/portfolio_max_performance_decision_latest.json"", ""/home/hoky/Quants-agent/LuminaQuant/var/reports/exact_window_backtests/followup_status/portfolio_overlay_current/causal_overlay_portfolio_latest.json""]"	portfolio	discard			0.0187749186535	4.66198535463	0.0533844607419	3.44965484505	/home/hoky/Quants-agent/LuminaQuant/var/reports/exact_window_backtests/followup_status/portfolio_overlay_current/_memory_guard/causal_overlay_portfolio_memory_latest.json	Causal overlay challenger | promotion score improvement did not clear the base threshold; OOS total return did not improve | Retain the incumbent and continue with cleanup, evidence collation, and reproducibility hardening.	portfolio_decision	causal_overlay_portfolio	/home/hoky/Quants-agent/LuminaQuant/var/reports/exact_window_backtests/followup_status/portfolio_overlay_current/causal_overlay_portfolio_latest.json	
2026-03-15T13:32:34.466835+00:00	portfolio::current_one_shot_incumbent	Current one-shot incumbent baseline.	[]	"[""/home/hoky/Quants-agent/LuminaQuant/.omx/team/continue-the-autonomous-portfo/worktrees/worker-1/var/reports/exact_window_backtests/followup_status/portfolio_max_performance_decision_latest.json"", ""/home/hoky/Quants-agent/LuminaQuant/var/reports/exact_window_backtests/followup_status/portfolio_one_shot_current_opt/portfolio_optimization_latest.json""]"	portfolio	keep	0.048879104968	0.543152205346	0.0314333437346	5.06726502776	0.0576280027491	3.50611157626		Current one-shot incumbent | Current one-shot incumbent baseline. | Retain the incumbent and continue with cleanup, evidence collation, and reproducibility hardening.	portfolio_decision	current_one_shot_incumbent	/home/hoky/Quants-agent/LuminaQuant/var/reports/exact_window_backtests/followup_status/portfolio_one_shot_current_opt/portfolio_optimization_latest.json	
2026-03-15T13:32:34.466835+00:00	portfolio::exact_window_frozen_tuned	promotion score improvement did not clear the base threshold; OOS total return did not improve; OOS max drawdown did not improve	[]	"[""/home/hoky/Quants-agent/LuminaQuant/.omx/team/continue-the-autonomous-portfo/worktrees/worker-1/var/reports/exact_window_backtests/followup_status/portfolio_max_performance_decision_latest.json"", ""/home/hoky/Quants-agent/LuminaQuant/var/reports/exact_window_backtests/followup_status/portfolio_opt_tuned/portfolio_optimization_latest.json""]"	portfolio	discard			0.0661330099621	0.826371607498	0.0262595832796	0.209852878224		Exact-window frozen tuned challenger | promotion score improvement did not clear the base threshold; OOS total return did not improve; OOS max drawdown did not improve | Retain the incumbent and continue with cleanup, evidence collation, and reproducibility hardening.	portfolio_decision	exact_window_frozen_tuned	/home/hoky/Quants-agent/LuminaQuant/var/reports/exact_window_backtests/followup_status/portfolio_opt_tuned/portfolio_optimization_latest.json	
2026-03-16T10:03:04.569038+00:00	portfolio::autonomous_pair_exec_takeprofit_anchor_opt	Pair execution-risk retune materially improved the BNB/TRX sleeve itself, but the anchored portfolio still failed the incumbent on validation robustness plus locked-OOS Sharpe and max drawdown; keep the current one-shot baseline.	[]	"[""/home/hoky/Quants-agent/LuminaQuant/.omx/team/continue-the-autonomous-portfo/worktrees/worker-1/var/reports/exact_window_backtests/autonomous_pair_exec_takeprofit_bnbtrx_1h_20260316T0958Z/manifest.json"", ""/home/hoky/Quants-agent/LuminaQuant/.omx/team/continue-the-autonomous-portfo/worktrees/worker-1/var/reports/exact_window_backtests/followup_status/autonomous_pair_exec_takeprofit_anchor_latest.json"", ""/home/hoky/Quants-agent/LuminaQuant/.omx/team/continue-the-autonomous-portfo/worktrees/worker-1/var/reports/exact_window_backtests/followup_status/autonomous_pair_exec_takeprofit_anchor_opt/portfolio_optimization_latest.json"", ""/home/hoky/Quants-agent/LuminaQuant/.omx/team/continue-the-autonomous-portfo/worktrees/worker-1/var/reports/exact_window_backtests/followup_status/autonomous_pair_exec_takeprofit_decision_latest.json""]"	portfolio	discard	-0.00824220681583	-0.0376998201144	0.0283139318875	3.80924464907	0.0576467705638	3.3975187921	/home/hoky/Quants-agent/LuminaQuant/.omx/team/continue-the-autonomous-portfo/worktrees/worker-1/var/reports/exact_window_backtests/autonomous_pair_exec_takeprofit_bnbtrx_1h_20260316T0958Z/1h/exact_window_memory_evidence_latest.json	Autonomous pair execution-risk challenger | Pair execution-risk retune materially improved the BNB/TRX sleeve itself, but the anchored portfolio still failed the incumbent on validation robustness plus locked-OOS Sharpe and max drawdown; keep the current one-shot baseline. | continue to the next unused backlog lane under ideas_backlog_latest.md, with leadlag_spillover 5m currently the top untested priority	autonomous_manual	autonomous_pair_exec_takeprofit_bnbtrx_1h_20260316T0958Z	/home/hoky/Quants-agent/LuminaQuant/.omx/team/continue-the-autonomous-portfo/worktrees/worker-1/var/reports/exact_window_backtests/followup_status/autonomous_pair_exec_takeprofit_anchor_opt/portfolio_optimization_latest.json	
2026-03-16T10:16:43.289469+00:00	portfolio::autonomous_carry_30m_anchor_opt	Targeted 30m perp-crowding carry variants still showed zero validation participation and only trace locked-OOS return, so the anchored four-sleeve portfolio materially underperformed the live incumbent on return and Sharpe.	[]	"[""/home/hoky/Quants-agent/LuminaQuant/.omx/team/continue-the-autonomous-portfo/worktrees/worker-1/var/reports/exact_window_backtests/autonomous_carry_30m_20260316T1011Z/manifest.json"", ""/home/hoky/Quants-agent/LuminaQuant/.omx/team/continue-the-autonomous-portfo/worktrees/worker-1/var/reports/exact_window_backtests/followup_status/autonomous_carry_30m_anchor_latest.json"", ""/home/hoky/Quants-agent/LuminaQuant/.omx/team/continue-the-autonomous-portfo/worktrees/worker-1/var/reports/exact_window_backtests/followup_status/autonomous_carry_30m_anchor_opt/portfolio_optimization_latest.json"", ""/home/hoky/Quants-agent/LuminaQuant/.omx/team/continue-the-autonomous-portfo/worktrees/worker-1/var/reports/exact_window_backtests/followup_status/autonomous_carry_30m_decision_latest.json""]"	portfolio	discard	0.0077943529075	0.139319601804	0.0212279320363	3.72976013307	0.0340740492429	2.68849932562	/home/hoky/Quants-agent/LuminaQuant/.omx/team/continue-the-autonomous-portfo/worktrees/worker-1/var/reports/exact_window_backtests/autonomous_carry_30m_20260316T1011Z/30m/exact_window_memory_evidence_latest.json	Autonomous 30m carry exact-window challenger | Targeted 30m perp-crowding carry variants still showed zero validation participation and only trace locked-OOS return, so the anchored four-sleeve portfolio materially underperformed the live incumbent on return and Sharpe. | advance to the next unused backlog lane, with leadlag_spillover 5m now the highest-priority untested family	autonomous_manual	autonomous_carry_30m_20260316T1011Z	/home/hoky/Quants-agent/LuminaQuant/.omx/team/continue-the-autonomous-portfo/worktrees/worker-1/var/reports/exact_window_backtests/followup_status/autonomous_carry_30m_anchor_opt/portfolio_optimization_latest.json	
2026-03-16T10:21:34.175418+00:00	screen::autonomous_leadlag_5m	All targeted 5m lead-lag spillover variants were decisively negative on both validation and locked OOS, so the family is discarded before any incumbent-anchor portfolio stage.	[]	"[""/home/hoky/Quants-agent/LuminaQuant/.omx/team/continue-the-autonomous-portfo/worktrees/worker-1/var/reports/exact_window_backtests/autonomous_leadlag_5m_20260316T1017Z/manifest.json"", ""/home/hoky/Quants-agent/LuminaQuant/.omx/team/continue-the-autonomous-portfo/worktrees/worker-1/var/reports/exact_window_backtests/followup_status/autonomous_leadlag_5m_decision_latest.json""]"	validation	discard	-0.999940054498	-21.3311048801	-0.42720260824	-49.4891604389	-0.753672645225	-53.9574615817	/home/hoky/Quants-agent/LuminaQuant/.omx/team/continue-the-autonomous-portfo/worktrees/worker-1/var/reports/exact_window_backtests/autonomous_leadlag_5m_20260316T1017Z/5m/exact_window_memory_evidence_latest.json	Autonomous 5m lead-lag exact-window challenger | All targeted 5m lead-lag spillover variants were decisively negative on both validation and locked OOS, so the family is discarded before any incumbent-anchor portfolio stage. | advance to the next unused backlog lane, with alpha101_formula 1h now the highest-priority untested family	autonomous_manual	autonomous_leadlag_5m_20260316T1017Z	/home/hoky/Quants-agent/LuminaQuant/.omx/team/continue-the-autonomous-portfo/worktrees/worker-1/var/reports/exact_window_backtests/followup_status/autonomous_leadlag_5m_decision_latest.json	
2026-03-16T11:08:47.644190+00:00	screen::autonomous_alpha101_formula_1h	Reused prior 1h exact-window Alpha101 artifacts to avoid a duplicate heavy run; discard the family if the best retained variant is still negative versus the incumbent.	[]	"[""/home/hoky/Quants-agent/LuminaQuant/.omx/team/continue-the-autonomous-portfo/worktrees/worker-1/var/reports/exact_window_backtests/autonomous_topcap_exec_combo_1h_20260315T1335Z/1h/exact_window_candidate_details_latest.json"", ""/home/hoky/Quants-agent/LuminaQuant/.omx/team/continue-the-autonomous-portfo/worktrees/worker-1/var/reports/exact_window_backtests/autonomous_topcap_exec_combo_1h_20260315T1335Z/1h/exact_window_suite_summary_latest.json"", ""/home/hoky/Quants-agent/LuminaQuant/.omx/team/continue-the-autonomous-portfo/worktrees/worker-1/var/reports/exact_window_backtests/autonomous_topcap_exec_combo_1h_20260315T1335Z/manifest.json"", ""/home/hoky/Quants-agent/LuminaQuant/.omx/team/continue-the-autonomous-portfo/worktrees/worker-1/var/reports/exact_window_backtests/followup_status/autonomous_alpha101_formula_1h_decision_latest.json""]"	validation	discard	-0.569212494893	-3.61163596151	-0.0386646074234	-2.53101256167	-0.159797248937	-6.94340078575	/home/hoky/Quants-agent/LuminaQuant/.omx/team/continue-the-autonomous-portfo/worktrees/worker-1/var/reports/exact_window_backtests/autonomous_topcap_exec_combo_1h_20260315T1335Z/1h/exact_window_memory_evidence_latest.json	Autonomous alpha101 1h reuse screen | reused eight prior 1h exact-window batches; best variant remained negative on train, validation, and locked OOS versus the incumbent; advance to volcomp_vwap_rev_guarded 5m.	autonomous_manual	autonomous_topcap_exec_combo_1h_20260315T1335Z	/home/hoky/Quants-agent/LuminaQuant/.omx/team/continue-the-autonomous-portfo/worktrees/worker-1/var/reports/exact_window_backtests/followup_status/autonomous_alpha101_formula_1h_decision_latest.json	
2026-03-16T11:19:22.964108+00:00	screen::autonomous_volcomp_vwap_rev_guarded_5m	Reused prior 5m exact-window volcomp artifacts to avoid a duplicate heavy run; discard the family if the best guarded variant is still negative versus the incumbent.	[]	"[""/home/hoky/Quants-agent/LuminaQuant/.omx/team/continue-the-autonomous-portfo/worktrees/worker-1/var/reports/exact_window_backtests/autonomous_intraday_5m_20260314T145221Z/5m/exact_window_candidate_details_latest.json"", ""/home/hoky/Quants-agent/LuminaQuant/.omx/team/continue-the-autonomous-portfo/worktrees/worker-1/var/reports/exact_window_backtests/autonomous_intraday_5m_20260314T145221Z/5m/exact_window_suite_summary_latest.json"", ""/home/hoky/Quants-agent/LuminaQuant/.omx/team/continue-the-autonomous-portfo/worktrees/worker-1/var/reports/exact_window_backtests/autonomous_intraday_5m_20260314T145221Z/manifest.json"", ""/home/hoky/Quants-agent/LuminaQuant/.omx/team/continue-the-autonomous-portfo/worktrees/worker-1/var/reports/exact_window_backtests/followup_status/autonomous_volcomp_vwap_rev_guarded_5m_decision_latest.json""]"	validation	discard	-0.0862039879272	-6.12851305238	-0.00941522308579	-10.3309528102	-0.00557414296396	-1.72477827871	/home/hoky/Quants-agent/LuminaQuant/.omx/team/continue-the-autonomous-portfo/worktrees/worker-1/var/reports/exact_window_backtests/autonomous_intraday_5m_20260314T145221Z/5m/exact_window_memory_evidence_latest.json	Autonomous volcomp 5m reuse screen | reused autonomous_intraday_5m exact-window evidence; both guarded volcomp variants remained negative on train, validation, and locked OOS versus the incumbent; advance to lag_convergence 4h.	autonomous_manual	autonomous_intraday_5m_20260314T145221Z	/home/hoky/Quants-agent/LuminaQuant/.omx/team/continue-the-autonomous-portfo/worktrees/worker-1/var/reports/exact_window_backtests/followup_status/autonomous_volcomp_vwap_rev_guarded_5m_decision_latest.json	
2026-03-16T11:43:09.504758+00:00	portfolio::autonomous_lag_convergence_4h_anchor_opt	Focused lag_convergence 4h XPT/XPD sleeves may improve incumbent portfolio robustness enough to justify an anchored four-sleeve challenger.	[]	"[""/home/hoky/Quants-agent/LuminaQuant/.omx/team/continue-the-autonomous-portfo/worktrees/worker-1/var/reports/exact_window_backtests/followup_status/autonomous_lag_convergence_4h_anchor_latest.json"", ""/home/hoky/Quants-agent/LuminaQuant/.omx/team/continue-the-autonomous-portfo/worktrees/worker-1/var/reports/exact_window_backtests/followup_status/autonomous_lag_convergence_4h_anchor_opt/portfolio_optimization_latest.json"", ""/home/hoky/Quants-agent/LuminaQuant/.omx/team/continue-the-autonomous-portfo/worktrees/worker-1/var/reports/exact_window_backtests/followup_status/autonomous_lag_convergence_4h_comparison_latest.json"", ""/home/hoky/Quants-agent/LuminaQuant/.omx/team/continue-the-autonomous-portfo/worktrees/worker-1/var/reports/exact_window_backtests/followup_status/autonomous_lag_convergence_4h_decision_latest.json""]"	portfolio	discard	0.036167473927	0.861746378959	0.0188325245684	5.9994736126	0.0313315031719	4.10327350625	/home/hoky/Quants-agent/LuminaQuant/.omx/team/continue-the-autonomous-portfo/worktrees/worker-1/var/reports/exact_window_backtests/followup_status/autonomous_lag_convergence_4h_anchor_search/_memory_guard/portfolio_four_sleeve_search_memory_latest.json	Autonomous lag-convergence 4h anchored challenger | reused focused XPT/XPD lag-convergence probe and anchored it against the incumbent; locked-OOS Sharpe and drawdown improved, but locked-OOS total return fell below the incumbent, so keep the current one-shot baseline and advance to rolling_breakout 30m.	autonomous_manual	lag_convergence_xptxpd_4h_probe_20260311T122038Z	/home/hoky/Quants-agent/LuminaQuant/.omx/team/continue-the-autonomous-portfo/worktrees/worker-1/var/reports/exact_window_backtests/followup_status/autonomous_lag_convergence_4h_decision_latest.json	
2026-03-16T11:50:16.032678+00:00	portfolio::autonomous_rolling_breakout_30m_anchor_opt	Focused rolling_breakout 30m sleeve may improve the incumbent once anchored under the current portfolio stack.	[]	"[""/home/hoky/Quants-agent/LuminaQuant/.omx/team/continue-the-autonomous-portfo/worktrees/worker-1/var/reports/exact_window_backtests/followup_status/autonomous_fourth_sleeve_probes/rolling_breakout_30m_guarded_ls_64_0.002.json"", ""/home/hoky/Quants-agent/LuminaQuant/.omx/team/continue-the-autonomous-portfo/worktrees/worker-1/var/reports/exact_window_backtests/followup_status/autonomous_fourth_sleeve_probes/rolling_breakout_30m_guarded_ls_64_0.002_run_02/portfolio_optimization_latest.json"", ""/home/hoky/Quants-agent/LuminaQuant/.omx/team/continue-the-autonomous-portfo/worktrees/worker-1/var/reports/exact_window_backtests/followup_status/autonomous_rolling_breakout_30m_comparison_latest.json"", ""/home/hoky/Quants-agent/LuminaQuant/.omx/team/continue-the-autonomous-portfo/worktrees/worker-1/var/reports/exact_window_backtests/followup_status/autonomous_rolling_breakout_30m_decision_latest.json""]"	portfolio	discard	0.0298963518803	0.385213115598	0.0274166156522	4.64997635882	0.0518294273104	3.24939266157		Autonomous rolling_breakout 30m anchored challenger | reused regime-gate and fourth-sleeve probe artifacts; sleeve-level OOS stayed positive but the anchored portfolio still trailed the incumbent on locked-OOS return, Sharpe, and max drawdown; advance to regime_breakout 30m.	autonomous_manual	rolling_breakout_30m_guarded_ls_64_0.002_run_02	/home/hoky/Quants-agent/LuminaQuant/.omx/team/continue-the-autonomous-portfo/worktrees/worker-1/var/reports/exact_window_backtests/followup_status/autonomous_rolling_breakout_30m_decision_latest.json	
2026-03-16T11:56:12.684820+00:00	portfolio::autonomous_regime_breakout_30m_anchor_opt	Focused regime_breakout 30m sleeve may improve the incumbent once anchored under the current portfolio stack.	[]	"[""/home/hoky/Quants-agent/LuminaQuant/.omx/team/continue-the-autonomous-portfo/worktrees/worker-1/var/reports/exact_window_backtests/followup_status/autonomous_fourth_sleeve_probes/regime_breakout_30m_trend_ls_64_0.72.json"", ""/home/hoky/Quants-agent/LuminaQuant/.omx/team/continue-the-autonomous-portfo/worktrees/worker-1/var/reports/exact_window_backtests/followup_status/autonomous_fourth_sleeve_probes/regime_breakout_30m_trend_ls_64_0.72_run_02/portfolio_optimization_latest.json"", ""/home/hoky/Quants-agent/LuminaQuant/.omx/team/continue-the-autonomous-portfo/worktrees/worker-1/var/reports/exact_window_backtests/followup_status/autonomous_regime_breakout_30m_comparison_latest.json"", ""/home/hoky/Quants-agent/LuminaQuant/.omx/team/continue-the-autonomous-portfo/worktrees/worker-1/var/reports/exact_window_backtests/followup_status/autonomous_regime_breakout_30m_decision_latest.json""]"	portfolio	discard	0.0310547553136	0.409583101146	0.0265311099709	3.69030878227	0.0505322844523	3.33991476344	/home/hoky/Quants-agent/LuminaQuant/.omx/team/continue-the-autonomous-portfo/worktrees/worker-1/var/reports/exact_window_backtests/autonomous_composite_exec_30m_20260315T1057Z/30m/exact_window_memory_evidence_latest.json	Autonomous regime_breakout 30m anchored challenger | reused fourth-sleeve probe and anchored optimization artifacts; sleeve-level OOS stayed positive but the anchored portfolio still trailed the incumbent on locked-OOS return, Sharpe, and max drawdown; primary backlog families exhausted.	autonomous_manual	regime_breakout_30m_trend_ls_64_0.72_run_02	/home/hoky/Quants-agent/LuminaQuant/.omx/team/continue-the-autonomous-portfo/worktrees/worker-1/var/reports/exact_window_backtests/followup_status/autonomous_regime_breakout_30m_decision_latest.json	
2026-03-16T12:36:41.357279+00:00	portfolio::secondary_cross_sectional_1h_pair_topcap_recheck	Secondary backlog recheck: the strongest historical cross-sectional 1h pair+topcap bundle may now beat the current incumbent.	[]	"[""/home/hoky/Quants-agent/LuminaQuant/.omx/team/continue-the-autonomous-portfo/worktrees/worker-1/var/reports/exact_window_backtests/followup_status/autonomous_cross_sectional_1h_stability_pair_topcap_opt/portfolio_optimization_latest.json"", ""/home/hoky/Quants-agent/LuminaQuant/.omx/team/continue-the-autonomous-portfo/worktrees/worker-1/var/reports/exact_window_backtests/followup_status/autonomous_secondary_cross_sectional_1h_pair_topcap_comparison_latest.json"", ""/home/hoky/Quants-agent/LuminaQuant/.omx/team/continue-the-autonomous-portfo/worktrees/worker-1/var/reports/exact_window_backtests/followup_status/autonomous_secondary_cross_sectional_1h_pair_topcap_decision_latest.json""]"	portfolio	discard	-0.000817355506857	0.067845027529	0.0249560346859	3.03897008962	0.0254714716008	1.87335835206	/home/hoky/Quants-agent/LuminaQuant/.omx/team/continue-the-autonomous-portfo/worktrees/worker-1/var/reports/exact_window_backtests/autonomous_cross_sectional_1h_20260314T150019Z/1h/exact_window_memory_evidence_latest.json	Secondary backlog recheck | reused historical cross-sectional pair+topcap keep bundle; still trails current incumbent on locked-OOS return, Sharpe, and max drawdown; next secondary candidate is pair_exec_takeprofit_bnbtrx_1h refinement.	autonomous_manual	autonomous_cross_sectional_1h_20260314T150019Z	/home/hoky/Quants-agent/LuminaQuant/.omx/team/continue-the-autonomous-portfo/worktrees/worker-1/var/reports/exact_window_backtests/followup_status/autonomous_secondary_cross_sectional_1h_pair_topcap_decision_latest.json	
2026-03-16T12:36:47.159787+00:00	exact-window::article_alpha_probe_20260309T134700Z	Exact-window batch article_alpha_probe_20260309T134700Z on 15m, 30m, 1h, 4h	[]	"[""/home/hoky/Quants-agent/LuminaQuant/var/reports/exact_window_backtests/article_alpha_probe_20260309T134700Z/manifest.json"", ""/home/hoky/Quants-agent/LuminaQuant/var/reports/exact_window_backtests/exact_window_candidate_details_latest.json"", ""/home/hoky/Quants-agent/LuminaQuant/var/reports/exact_window_backtests/exact_window_suite_summary_latest.json""]"	validation	discard	0.0797857309098	0.605565872416	0.0629490282207	5.03291456141	0.0221102759372	1.62516047044	/home/hoky/Quants-agent/LuminaQuant/var/reports/exact_window_backtests/exact_window_memory_evidence_latest.json	window_profile=default; evaluated_count=105; promoted_count=0	exact_window_registry	article_alpha_probe_20260309T134700Z	/home/hoky/Quants-agent/LuminaQuant/var/reports/exact_window_backtests/exact_window_suite_summary_latest.json	
2026-03-16T12:36:47.159871+00:00	exact-window::article_focus_30m_4h_20260309T140226Z	Exact-window batch article_focus_30m_4h_20260309T140226Z on 30m, 4h	[]	"[""/home/hoky/Quants-agent/LuminaQuant/var/reports/exact_window_backtests/article_focus_30m_4h_20260309T140226Z/manifest.json"", ""/home/hoky/Quants-agent/LuminaQuant/var/reports/exact_window_backtests/exact_window_candidate_details_latest.json"", ""/home/hoky/Quants-agent/LuminaQuant/var/reports/exact_window_backtests/exact_window_suite_summary_latest.json""]"	validation	discard	0.0797857309098	0.605565872416	0.0629490282207	5.03291456141	0.0221102759372	1.62516047044	/home/hoky/Quants-agent/LuminaQuant/var/reports/exact_window_backtests/exact_window_memory_evidence_latest.json	window_profile=default; evaluated_count=49; promoted_count=0	exact_window_registry	article_focus_30m_4h_20260309T140226Z	/home/hoky/Quants-agent/LuminaQuant/var/reports/exact_window_backtests/exact_window_suite_summary_latest.json	
2026-03-16T12:36:47.159941+00:00	exact-window::article_crypto_4h_focus_20260310T114006Z	Exact-window batch article_crypto_4h_focus_20260310T114006Z on 4h	[]	"[""/home/hoky/Quants-agent/LuminaQuant/var/reports/exact_window_backtests/article_crypto_4h_focus_20260310T114006Z/manifest.json"", ""/home/hoky/Quants-agent/LuminaQuant/var/reports/exact_window_backtests/exact_window_candidate_details_latest.json"", ""/home/hoky/Quants-agent/LuminaQuant/var/reports/exact_window_backtests/exact_window_suite_summary_latest.json""]"	validation	discard	0.0797857309098	0.605565872416	0.0629490282207	5.03291456141	0.0221102759372	1.62516047044	/home/hoky/Quants-agent/LuminaQuant/var/reports/exact_window_backtests/exact_window_memory_evidence_latest.json	window_profile=default; evaluated_count=63; promoted_count=0	exact_window_registry	article_crypto_4h_focus_20260310T114006Z	/home/hoky/Quants-agent/LuminaQuant/var/reports/exact_window_backtests/exact_window_suite_summary_latest.json	
2026-03-16T12:36:47.160014+00:00	exact-window::xpt_xpd_4h_focus_20260310T115011Z	Exact-window batch xpt_xpd_4h_focus_20260310T115011Z on 4h	[]	"[""/home/hoky/Quants-agent/LuminaQuant/var/reports/exact_window_backtests/exact_window_candidate_details_latest.json"", ""/home/hoky/Quants-agent/LuminaQuant/var/reports/exact_window_backtests/exact_window_suite_summary_latest.json"", ""/home/hoky/Quants-agent/LuminaQuant/var/reports/exact_window_backtests/xpt_xpd_4h_focus_20260310T115011Z/manifest.json""]"	validation	discard	0.0797857309098	0.605565872416	0.0629490282207	5.03291456141	0.0221102759372	1.62516047044	/home/hoky/Quants-agent/LuminaQuant/var/reports/exact_window_backtests/exact_window_memory_evidence_latest.json	window_profile=metals_4h; evaluated_count=22; promoted_count=0	exact_window_registry	xpt_xpd_4h_focus_20260310T115011Z	/home/hoky/Quants-agent/LuminaQuant/var/reports/exact_window_backtests/exact_window_suite_summary_latest.json	
2026-03-16T12:36:47.160081+00:00	exact-window::xpt_xpd_1d_focus_20260310T115036Z	Exact-window batch xpt_xpd_1d_focus_20260310T115036Z on 1d	[]	"[""/home/hoky/Quants-agent/LuminaQuant/var/reports/exact_window_backtests/exact_window_candidate_details_latest.json"", ""/home/hoky/Quants-agent/LuminaQuant/var/reports/exact_window_backtests/exact_window_suite_summary_latest.json"", ""/home/hoky/Quants-agent/LuminaQuant/var/reports/exact_window_backtests/xpt_xpd_1d_focus_20260310T115036Z/manifest.json""]"	validation	discard	0.0797857309098	0.605565872416	0.0629490282207	5.03291456141	0.0221102759372	1.62516047044	/home/hoky/Quants-agent/LuminaQuant/var/reports/exact_window_backtests/exact_window_memory_evidence_latest.json	window_profile=metals_1d; evaluated_count=17; promoted_count=0	exact_window_registry	xpt_xpd_1d_focus_20260310T115036Z	/home/hoky/Quants-agent/LuminaQuant/var/reports/exact_window_backtests/exact_window_suite_summary_latest.json	
2026-03-16T12:36:47.160151+00:00	exact-window::expansion_crypto_15m_30m_1h_20260310T115853Z	Exact-window batch expansion_crypto_15m_30m_1h_20260310T115853Z on 15m, 30m, 1h	[]	"[""/home/hoky/Quants-agent/LuminaQuant/var/reports/exact_window_backtests/exact_window_candidate_details_latest.json"", ""/home/hoky/Quants-agent/LuminaQuant/var/reports/exact_window_backtests/exact_window_suite_summary_latest.json"", ""/home/hoky/Quants-agent/LuminaQuant/var/reports/exact_window_backtests/expansion_crypto_15m_30m_1h_20260310T115853Z/manifest.json""]"	validation	discard	0.0797857309098	0.605565872416	0.0629490282207	5.03291456141	0.0221102759372	1.62516047044	/home/hoky/Quants-agent/LuminaQuant/var/reports/exact_window_backtests/exact_window_memory_evidence_latest.json	window_profile=default; evaluated_count=56; promoted_count=0	exact_window_registry	expansion_crypto_15m_30m_1h_20260310T115853Z	/home/hoky/Quants-agent/LuminaQuant/var/reports/exact_window_backtests/exact_window_suite_summary_latest.json	
2026-03-16T12:36:47.160232+00:00	exact-window::topcap_crypto_1h_focus_20260310T123813Z	Exact-window batch topcap_crypto_1h_focus_20260310T123813Z on 1h	[]	"[""/home/hoky/Quants-agent/LuminaQuant/var/reports/exact_window_backtests/exact_window_candidate_details_latest.json"", ""/home/hoky/Quants-agent/LuminaQuant/var/reports/exact_window_backtests/exact_window_suite_summary_latest.json"", ""/home/hoky/Quants-agent/LuminaQuant/var/reports/exact_window_backtests/topcap_crypto_1h_focus_20260310T123813Z/manifest.json""]"	validation	discard	0.0797857309098	0.605565872416	0.0629490282207	5.03291456141	0.0221102759372	1.62516047044	/home/hoky/Quants-agent/LuminaQuant/var/reports/exact_window_backtests/exact_window_memory_evidence_latest.json	window_profile=default; evaluated_count=27; promoted_count=0	exact_window_registry	topcap_crypto_1h_focus_20260310T123813Z	/home/hoky/Quants-agent/LuminaQuant/var/reports/exact_window_backtests/exact_window_suite_summary_latest.json	
2026-03-16T12:36:47.160306+00:00	exact-window::autonomous_intraday_5m_20260314T145221Z	Exact-window batch autonomous_intraday_5m_20260314T145221Z on 5m	[]	"[""/home/hoky/Quants-agent/LuminaQuant/var/reports/exact_window_backtests/autonomous_intraday_5m_20260314T145221Z/manifest.json"", ""/home/hoky/Quants-agent/LuminaQuant/var/reports/exact_window_backtests/exact_window_candidate_details_latest.json"", ""/home/hoky/Quants-agent/LuminaQuant/var/reports/exact_window_backtests/exact_window_suite_summary_latest.json""]"	validation	discard	0.0797857309098	0.605565872416	0.0629490282207	5.03291456141	0.0221102759372	1.62516047044	/home/hoky/Quants-agent/LuminaQuant/var/reports/exact_window_backtests/exact_window_memory_evidence_latest.json	window_profile=default; evaluated_count=13; promoted_count=0	exact_window_registry	autonomous_intraday_5m_20260314T145221Z	/home/hoky/Quants-agent/LuminaQuant/var/reports/exact_window_backtests/exact_window_suite_summary_latest.json	
2026-03-16T12:36:47.160373+00:00	exact-window::autonomous_cross_sectional_1h_20260314T150019Z	Exact-window batch autonomous_cross_sectional_1h_20260314T150019Z on 1h	[]	"[""/home/hoky/Quants-agent/LuminaQuant/var/reports/exact_window_backtests/autonomous_cross_sectional_1h_20260314T150019Z/manifest.json"", ""/home/hoky/Quants-agent/LuminaQuant/var/reports/exact_window_backtests/exact_window_candidate_details_latest.json"", ""/home/hoky/Quants-agent/LuminaQuant/var/reports/exact_window_backtests/exact_window_suite_summary_latest.json""]"	validation	discard	0.0797857309098	0.605565872416	0.0629490282207	5.03291456141	0.0221102759372	1.62516047044	/home/hoky/Quants-agent/LuminaQuant/var/reports/exact_window_backtests/exact_window_memory_evidence_latest.json	window_profile=default; evaluated_count=31; promoted_count=0	exact_window_registry	autonomous_cross_sectional_1h_20260314T150019Z	/home/hoky/Quants-agent/LuminaQuant/var/reports/exact_window_backtests/exact_window_suite_summary_latest.json	
2026-03-16T12:36:47.160442+00:00	exact-window::autonomous_mixed_assets_4h_20260314T155623Z	Exact-window batch autonomous_mixed_assets_4h_20260314T155623Z on 4h	[]	"[""/home/hoky/Quants-agent/LuminaQuant/var/reports/exact_window_backtests/autonomous_mixed_assets_4h_20260314T155623Z/manifest.json"", ""/home/hoky/Quants-agent/LuminaQuant/var/reports/exact_window_backtests/exact_window_candidate_details_latest.json"", ""/home/hoky/Quants-agent/LuminaQuant/var/reports/exact_window_backtests/exact_window_suite_summary_latest.json""]"	validation	discard	0.0797857309098	0.605565872416	0.0629490282207	5.03291456141	0.0221102759372	1.62516047044	/home/hoky/Quants-agent/LuminaQuant/var/reports/exact_window_backtests/exact_window_memory_evidence_latest.json	window_profile=mixed_assets_4h; evaluated_count=168; promoted_count=0	exact_window_registry	autonomous_mixed_assets_4h_20260314T155623Z	/home/hoky/Quants-agent/LuminaQuant/var/reports/exact_window_backtests/exact_window_suite_summary_latest.json	
2026-03-16T12:36:47.160509+00:00	exact-window::autonomous_mixed_assets_30m_20260314T161124Z	Exact-window batch autonomous_mixed_assets_30m_20260314T161124Z on 30m	[]	"[""/home/hoky/Quants-agent/LuminaQuant/var/reports/exact_window_backtests/autonomous_mixed_assets_30m_20260314T161124Z/manifest.json"", ""/home/hoky/Quants-agent/LuminaQuant/var/reports/exact_window_backtests/exact_window_candidate_details_latest.json"", ""/home/hoky/Quants-agent/LuminaQuant/var/reports/exact_window_backtests/exact_window_suite_summary_latest.json""]"	validation	discard	0.0797857309098	0.605565872416	0.0629490282207	5.03291456141	0.0221102759372	1.62516047044	/home/hoky/Quants-agent/LuminaQuant/var/reports/exact_window_backtests/exact_window_memory_evidence_latest.json	window_profile=mixed_assets; evaluated_count=12; promoted_count=0	exact_window_registry	autonomous_mixed_assets_30m_20260314T161124Z	/home/hoky/Quants-agent/LuminaQuant/var/reports/exact_window_backtests/exact_window_suite_summary_latest.json	
2026-03-16T12:36:47.160967+00:00	exact-window::autonomous_intraday_15m_20260315T032440Z	Exact-window batch autonomous_intraday_15m_20260315T032440Z on 15m	[]	"[""/home/hoky/Quants-agent/LuminaQuant/var/reports/exact_window_backtests/autonomous_intraday_15m_20260315T032440Z/manifest.json"", ""/home/hoky/Quants-agent/LuminaQuant/var/reports/exact_window_backtests/exact_window_candidate_details_latest.json"", ""/home/hoky/Quants-agent/LuminaQuant/var/reports/exact_window_backtests/exact_window_suite_summary_latest.json""]"	validation	discard	0.0797857309098	0.605565872416	0.0629490282207	5.03291456141	0.0221102759372	1.62516047044	/home/hoky/Quants-agent/LuminaQuant/var/reports/exact_window_backtests/exact_window_memory_evidence_latest.json	window_profile=default; evaluated_count=19; promoted_count=0	exact_window_registry	autonomous_intraday_15m_20260315T032440Z	/home/hoky/Quants-agent/LuminaQuant/var/reports/exact_window_backtests/exact_window_suite_summary_latest.json	
2026-03-16T12:36:47.161049+00:00	exact-window::autonomous_daily_1d_20260315T035155Z	Exact-window batch autonomous_daily_1d_20260315T035155Z on 1d	[]	"[""/home/hoky/Quants-agent/LuminaQuant/var/reports/exact_window_backtests/autonomous_daily_1d_20260315T035155Z/manifest.json"", ""/home/hoky/Quants-agent/LuminaQuant/var/reports/exact_window_backtests/exact_window_candidate_details_latest.json"", ""/home/hoky/Quants-agent/LuminaQuant/var/reports/exact_window_backtests/exact_window_suite_summary_latest.json""]"	validation	discard	0.0797857309098	0.605565872416	0.0629490282207	5.03291456141	0.0221102759372	1.62516047044	/home/hoky/Quants-agent/LuminaQuant/var/reports/exact_window_backtests/exact_window_memory_evidence_latest.json	window_profile=default; evaluated_count=45; promoted_count=0	exact_window_registry	autonomous_daily_1d_20260315T035155Z	/home/hoky/Quants-agent/LuminaQuant/var/reports/exact_window_backtests/exact_window_suite_summary_latest.json	
2026-03-16T12:36:47.161120+00:00	exact-window::autonomous_residual_topcap_1h_20260315T0610Z	Exact-window batch autonomous_residual_topcap_1h_20260315T0610Z on 1h	[]	"[""/home/hoky/Quants-agent/LuminaQuant/var/reports/exact_window_backtests/autonomous_residual_topcap_1h_20260315T0610Z/manifest.json"", ""/home/hoky/Quants-agent/LuminaQuant/var/reports/exact_window_backtests/exact_window_candidate_details_latest.json"", ""/home/hoky/Quants-agent/LuminaQuant/var/reports/exact_window_backtests/exact_window_suite_summary_latest.json""]"	validation	discard	0.0797857309098	0.605565872416	0.0629490282207	5.03291456141	0.0221102759372	1.62516047044	/home/hoky/Quants-agent/LuminaQuant/var/reports/exact_window_backtests/exact_window_memory_evidence_latest.json	window_profile=default; evaluated_count=0; promoted_count=0	exact_window_registry	autonomous_residual_topcap_1h_20260315T0610Z	/home/hoky/Quants-agent/LuminaQuant/var/reports/exact_window_backtests/exact_window_suite_summary_latest.json	
2026-03-16T12:36:47.161185+00:00	exact-window::autonomous_residual_topcap_1h_retry_20260315T0612Z	Exact-window batch autonomous_residual_topcap_1h_retry_20260315T0612Z on 1h	[]	"[""/home/hoky/Quants-agent/LuminaQuant/var/reports/exact_window_backtests/autonomous_residual_topcap_1h_retry_20260315T0612Z/manifest.json"", ""/home/hoky/Quants-agent/LuminaQuant/var/reports/exact_window_backtests/exact_window_candidate_details_latest.json"", ""/home/hoky/Quants-agent/LuminaQuant/var/reports/exact_window_backtests/exact_window_suite_summary_latest.json""]"	validation	discard	0.0797857309098	0.605565872416	0.0629490282207	5.03291456141	0.0221102759372	1.62516047044	/home/hoky/Quants-agent/LuminaQuant/var/reports/exact_window_backtests/exact_window_memory_evidence_latest.json	window_profile=default; evaluated_count=33; promoted_count=0	exact_window_registry	autonomous_residual_topcap_1h_retry_20260315T0612Z	/home/hoky/Quants-agent/LuminaQuant/var/reports/exact_window_backtests/exact_window_suite_summary_latest.json	
2026-03-16T12:36:47.161256+00:00	exact-window::autonomous_crashguard_topcap_1h_20260315T0711Z	Exact-window batch autonomous_crashguard_topcap_1h_20260315T0711Z on 1h	[]	"[""/home/hoky/Quants-agent/LuminaQuant/var/reports/exact_window_backtests/autonomous_crashguard_topcap_1h_20260315T0711Z/manifest.json"", ""/home/hoky/Quants-agent/LuminaQuant/var/reports/exact_window_backtests/exact_window_candidate_details_latest.json"", ""/home/hoky/Quants-agent/LuminaQuant/var/reports/exact_window_backtests/exact_window_suite_summary_latest.json""]"	validation	discard	0.0797857309098	0.605565872416	0.0629490282207	5.03291456141	0.0221102759372	1.62516047044	/home/hoky/Quants-agent/LuminaQuant/var/reports/exact_window_backtests/exact_window_memory_evidence_latest.json	window_profile=default; evaluated_count=34; promoted_count=0	exact_window_registry	autonomous_crashguard_topcap_1h_20260315T0711Z	/home/hoky/Quants-agent/LuminaQuant/var/reports/exact_window_backtests/exact_window_suite_summary_latest.json	
2026-03-16T12:36:47.161324+00:00	exact-window::autonomous_crashguard_composite_30m_20260315T0759Z	Exact-window batch autonomous_crashguard_composite_30m_20260315T0759Z on 30m	[]	"[""/home/hoky/Quants-agent/LuminaQuant/var/reports/exact_window_backtests/autonomous_crashguard_composite_30m_20260315T0759Z/manifest.json"", ""/home/hoky/Quants-agent/LuminaQuant/var/reports/exact_window_backtests/exact_window_candidate_details_latest.json"", ""/home/hoky/Quants-agent/LuminaQuant/var/reports/exact_window_backtests/exact_window_suite_summary_latest.json""]"	validation	discard	0.0797857309098	0.605565872416	0.0629490282207	5.03291456141	0.0221102759372	1.62516047044	/home/hoky/Quants-agent/LuminaQuant/var/reports/exact_window_backtests/exact_window_memory_evidence_latest.json	window_profile=default; evaluated_count=13; promoted_count=0	exact_window_registry	autonomous_crashguard_composite_30m_20260315T0759Z	/home/hoky/Quants-agent/LuminaQuant/var/reports/exact_window_backtests/exact_window_suite_summary_latest.json	
2026-03-16T12:36:47.161395+00:00	exact-window::autonomous_pairstate_1h_20260315T0815Z	Exact-window batch autonomous_pairstate_1h_20260315T0815Z on 1h	[]	"[""/home/hoky/Quants-agent/LuminaQuant/var/reports/exact_window_backtests/autonomous_pairstate_1h_20260315T0815Z/manifest.json"", ""/home/hoky/Quants-agent/LuminaQuant/var/reports/exact_window_backtests/exact_window_candidate_details_latest.json"", ""/home/hoky/Quants-agent/LuminaQuant/var/reports/exact_window_backtests/exact_window_suite_summary_latest.json""]"	validation	discard	0.0797857309098	0.605565872416	0.0629490282207	5.03291456141	0.0221102759372	1.62516047044	/home/hoky/Quants-agent/LuminaQuant/var/reports/exact_window_backtests/exact_window_memory_evidence_latest.json	window_profile=default; evaluated_count=79; promoted_count=0	exact_window_registry	autonomous_pairstate_1h_20260315T0815Z	/home/hoky/Quants-agent/LuminaQuant/var/reports/exact_window_backtests/exact_window_suite_summary_latest.json	
2026-03-16T12:36:47.161459+00:00	exact-window::autonomous_topcap_exec_1h_20260315T0945Z	Exact-window batch autonomous_topcap_exec_1h_20260315T0945Z on 1h	[]	"[""/home/hoky/Quants-agent/LuminaQuant/var/reports/exact_window_backtests/autonomous_topcap_exec_1h_20260315T0945Z/manifest.json"", ""/home/hoky/Quants-agent/LuminaQuant/var/reports/exact_window_backtests/exact_window_candidate_details_latest.json"", ""/home/hoky/Quants-agent/LuminaQuant/var/reports/exact_window_backtests/exact_window_suite_summary_latest.json""]"	validation	discard	0.0797857309098	0.605565872416	0.0629490282207	5.03291456141	0.0221102759372	1.62516047044	/home/hoky/Quants-agent/LuminaQuant/var/reports/exact_window_backtests/exact_window_memory_evidence_latest.json	window_profile=default; evaluated_count=81; promoted_count=0	exact_window_registry	autonomous_topcap_exec_1h_20260315T0945Z	/home/hoky/Quants-agent/LuminaQuant/var/reports/exact_window_backtests/exact_window_suite_summary_latest.json	
2026-03-16T12:36:47.161541+00:00	exact-window::autonomous_composite_exec_30m_20260315T1057Z	Exact-window batch autonomous_composite_exec_30m_20260315T1057Z on 30m	[]	"[""/home/hoky/Quants-agent/LuminaQuant/var/reports/exact_window_backtests/autonomous_composite_exec_30m_20260315T1057Z/manifest.json"", ""/home/hoky/Quants-agent/LuminaQuant/var/reports/exact_window_backtests/exact_window_candidate_details_latest.json"", ""/home/hoky/Quants-agent/LuminaQuant/var/reports/exact_window_backtests/exact_window_suite_summary_latest.json""]"	validation	discard	0.0797857309098	0.605565872416	0.0629490282207	5.03291456141	0.0221102759372	1.62516047044	/home/hoky/Quants-agent/LuminaQuant/var/reports/exact_window_backtests/exact_window_memory_evidence_latest.json	window_profile=default; evaluated_count=15; promoted_count=0	exact_window_registry	autonomous_composite_exec_30m_20260315T1057Z	/home/hoky/Quants-agent/LuminaQuant/var/reports/exact_window_backtests/exact_window_suite_summary_latest.json	
2026-03-16T12:36:47.161602+00:00	exact-window::autonomous_topcap_exec_stopaware_1h_20260315T1113Z	Exact-window batch autonomous_topcap_exec_stopaware_1h_20260315T1113Z on 1h	[]	"[""/home/hoky/Quants-agent/LuminaQuant/var/reports/exact_window_backtests/autonomous_topcap_exec_stopaware_1h_20260315T1113Z/manifest.json"", ""/home/hoky/Quants-agent/LuminaQuant/var/reports/exact_window_backtests/exact_window_candidate_details_latest.json"", ""/home/hoky/Quants-agent/LuminaQuant/var/reports/exact_window_backtests/exact_window_suite_summary_latest.json""]"	validation	discard	0.0797857309098	0.605565872416	0.0629490282207	5.03291456141	0.0221102759372	1.62516047044	/home/hoky/Quants-agent/LuminaQuant/var/reports/exact_window_backtests/exact_window_memory_evidence_latest.json	window_profile=default; evaluated_count=81; promoted_count=0	exact_window_registry	autonomous_topcap_exec_stopaware_1h_20260315T1113Z	/home/hoky/Quants-agent/LuminaQuant/var/reports/exact_window_backtests/exact_window_suite_summary_latest.json	
2026-03-16T12:36:47.161667+00:00	exact-window::autonomous_topcap_exec_takeprofit_1h_20260315T1220Z	Exact-window batch autonomous_topcap_exec_takeprofit_1h_20260315T1220Z on 1h	[]	"[""/home/hoky/Quants-agent/LuminaQuant/var/reports/exact_window_backtests/autonomous_topcap_exec_takeprofit_1h_20260315T1220Z/manifest.json"", ""/home/hoky/Quants-agent/LuminaQuant/var/reports/exact_window_backtests/exact_window_candidate_details_latest.json"", ""/home/hoky/Quants-agent/LuminaQuant/var/reports/exact_window_backtests/exact_window_suite_summary_latest.json""]"	validation	discard	0.0797857309098	0.605565872416	0.0629490282207	5.03291456141	0.0221102759372	1.62516047044	/home/hoky/Quants-agent/LuminaQuant/var/reports/exact_window_backtests/exact_window_memory_evidence_latest.json	window_profile=default; evaluated_count=82; promoted_count=0	exact_window_registry	autonomous_topcap_exec_takeprofit_1h_20260315T1220Z	/home/hoky/Quants-agent/LuminaQuant/var/reports/exact_window_backtests/exact_window_suite_summary_latest.json	
2026-03-16T12:36:47.161729+00:00	exact-window::autonomous_topcap_exec_combo_1h_20260315T1335Z	Exact-window batch autonomous_topcap_exec_combo_1h_20260315T1335Z on 1h	[]	"[""/home/hoky/Quants-agent/LuminaQuant/var/reports/exact_window_backtests/autonomous_topcap_exec_combo_1h_20260315T1335Z/manifest.json"", ""/home/hoky/Quants-agent/LuminaQuant/var/reports/exact_window_backtests/exact_window_candidate_details_latest.json"", ""/home/hoky/Quants-agent/LuminaQuant/var/reports/exact_window_backtests/exact_window_suite_summary_latest.json""]"	validation	discard	0.0797857309098	0.605565872416	0.0629490282207	5.03291456141	0.0221102759372	1.62516047044	/home/hoky/Quants-agent/LuminaQuant/var/reports/exact_window_backtests/exact_window_memory_evidence_latest.json	window_profile=default; evaluated_count=84; promoted_count=0	exact_window_registry	autonomous_topcap_exec_combo_1h_20260315T1335Z	/home/hoky/Quants-agent/LuminaQuant/var/reports/exact_window_backtests/exact_window_suite_summary_latest.json	
2026-03-16T12:36:47.161809+00:00	exact-window::autonomous_pair_exec_takeprofit_bnbtrx_1h_20260316T0958Z	Exact-window batch autonomous_pair_exec_takeprofit_bnbtrx_1h_20260316T0958Z on 1h	[]	"[""/home/hoky/Quants-agent/LuminaQuant/.omx/team/continue-the-autonomous-portfo/worktrees/worker-1/var/reports/exact_window_backtests/autonomous_pair_exec_takeprofit_bnbtrx_1h_20260316T0958Z/1h/exact_window_candidate_details_latest.json"", ""/home/hoky/Quants-agent/LuminaQuant/.omx/team/continue-the-autonomous-portfo/worktrees/worker-1/var/reports/exact_window_backtests/autonomous_pair_exec_takeprofit_bnbtrx_1h_20260316T0958Z/1h/exact_window_suite_summary_latest.json"", ""/home/hoky/Quants-agent/LuminaQuant/.omx/team/continue-the-autonomous-portfo/worktrees/worker-1/var/reports/exact_window_backtests/autonomous_pair_exec_takeprofit_bnbtrx_1h_20260316T0958Z/manifest.json""]"	validation	discard	-0.0182017752678	-0.218731581801	0.0161125858344	5.0001548039	0.11103386862	7.48066565637	/home/hoky/Quants-agent/LuminaQuant/.omx/team/continue-the-autonomous-portfo/worktrees/worker-1/var/reports/exact_window_backtests/autonomous_pair_exec_takeprofit_bnbtrx_1h_20260316T0958Z/1h/exact_window_memory_evidence_latest.json	window_profile=default; evaluated_count=18; promoted_count=0	exact_window_registry	autonomous_pair_exec_takeprofit_bnbtrx_1h_20260316T0958Z	/home/hoky/Quants-agent/LuminaQuant/.omx/team/continue-the-autonomous-portfo/worktrees/worker-1/var/reports/exact_window_backtests/autonomous_pair_exec_takeprofit_bnbtrx_1h_20260316T0958Z/1h/exact_window_suite_summary_latest.json	
2026-03-16T12:36:47.161960+00:00	exact-window::autonomous_carry_30m_20260316T1011Z	Exact-window batch autonomous_carry_30m_20260316T1011Z on 30m	[]	"[""/home/hoky/Quants-agent/LuminaQuant/.omx/team/continue-the-autonomous-portfo/worktrees/worker-1/var/reports/exact_window_backtests/autonomous_carry_30m_20260316T1011Z/30m/exact_window_candidate_details_latest.json"", ""/home/hoky/Quants-agent/LuminaQuant/.omx/team/continue-the-autonomous-portfo/worktrees/worker-1/var/reports/exact_window_backtests/autonomous_carry_30m_20260316T1011Z/30m/exact_window_suite_summary_latest.json"", ""/home/hoky/Quants-agent/LuminaQuant/.omx/team/continue-the-autonomous-portfo/worktrees/worker-1/var/reports/exact_window_backtests/autonomous_carry_30m_20260316T1011Z/manifest.json""]"	validation	discard	-0.00015	-1	0	0	0.000259792989287	0.852155816447	/home/hoky/Quants-agent/LuminaQuant/.omx/team/continue-the-autonomous-portfo/worktrees/worker-1/var/reports/exact_window_backtests/autonomous_carry_30m_20260316T1011Z/30m/exact_window_memory_evidence_latest.json	window_profile=default; evaluated_count=3; promoted_count=0	exact_window_registry	autonomous_carry_30m_20260316T1011Z	/home/hoky/Quants-agent/LuminaQuant/.omx/team/continue-the-autonomous-portfo/worktrees/worker-1/var/reports/exact_window_backtests/autonomous_carry_30m_20260316T1011Z/30m/exact_window_suite_summary_latest.json	
2026-03-16T12:36:47.162050+00:00	exact-window::autonomous_leadlag_5m_20260316T1017Z	Exact-window batch autonomous_leadlag_5m_20260316T1017Z on 5m	[]	"[""/home/hoky/Quants-agent/LuminaQuant/.omx/team/continue-the-autonomous-portfo/worktrees/worker-1/var/reports/exact_window_backtests/autonomous_leadlag_5m_20260316T1017Z/5m/exact_window_candidate_details_latest.json"", ""/home/hoky/Quants-agent/LuminaQuant/.omx/team/continue-the-autonomous-portfo/worktrees/worker-1/var/reports/exact_window_backtests/autonomous_leadlag_5m_20260316T1017Z/5m/exact_window_suite_summary_latest.json"", ""/home/hoky/Quants-agent/LuminaQuant/.omx/team/continue-the-autonomous-portfo/worktrees/worker-1/var/reports/exact_window_backtests/autonomous_leadlag_5m_20260316T1017Z/manifest.json""]"	validation	discard	-0.999940054498	-21.3311048801	-0.42720260824	-49.4891604389	-0.753672645225	-53.9574615817	/home/hoky/Quants-agent/LuminaQuant/.omx/team/continue-the-autonomous-portfo/worktrees/worker-1/var/reports/exact_window_backtests/autonomous_leadlag_5m_20260316T1017Z/5m/exact_window_memory_evidence_latest.json	window_profile=default; evaluated_count=9; promoted_count=0	exact_window_registry	autonomous_leadlag_5m_20260316T1017Z	/home/hoky/Quants-agent/LuminaQuant/.omx/team/continue-the-autonomous-portfo/worktrees/worker-1/var/reports/exact_window_backtests/autonomous_leadlag_5m_20260316T1017Z/5m/exact_window_suite_summary_latest.json	
2026-03-16T12:45:21.644087+00:00	portfolio::secondary_pair_exec_takeprofit_bnbtrx_1h_refinement	Secondary backlog refinement: pair_exec_takeprofit BNB/TRX 1h may beat the incumbent if the anchor search is re-optimized.	[]	"[""/home/hoky/Quants-agent/LuminaQuant/.omx/team/continue-the-autonomous-portfo/worktrees/worker-1/var/reports/exact_window_backtests/followup_status/autonomous_pair_exec_takeprofit_anchor_latest.json"", ""/home/hoky/Quants-agent/LuminaQuant/.omx/team/continue-the-autonomous-portfo/worktrees/worker-1/var/reports/exact_window_backtests/followup_status/autonomous_pair_exec_takeprofit_refined_opt/portfolio_optimization_latest.json"", ""/home/hoky/Quants-agent/LuminaQuant/.omx/team/continue-the-autonomous-portfo/worktrees/worker-1/var/reports/exact_window_backtests/followup_status/autonomous_secondary_pair_exec_takeprofit_bnbtrx_1h_comparison_latest.json"", ""/home/hoky/Quants-agent/LuminaQuant/.omx/team/continue-the-autonomous-portfo/worktrees/worker-1/var/reports/exact_window_backtests/followup_status/autonomous_secondary_pair_exec_takeprofit_bnbtrx_1h_decision_latest.json""]"	portfolio	discard	-0.00824220681583	-0.0376998201144	0.0283139318875	3.80924464907	0.0576467705638	3.3975187921	/home/hoky/Quants-agent/LuminaQuant/.omx/team/continue-the-autonomous-portfo/worktrees/worker-1/var/reports/exact_window_backtests/followup_status/autonomous_pair_exec_takeprofit_refined_search/_memory_guard/portfolio_four_sleeve_search_memory_latest.json	Secondary pair-exec refinement | reused pair_exec exact-window evidence with refined anchor search; anchored challenger still lags incumbent on Sharpe and max drawdown despite tiny OOS return edge; secondary queue exhausted.	autonomous_manual	autonomous_pair_exec_takeprofit_bnbtrx_1h_20260316T0958Z	/home/hoky/Quants-agent/LuminaQuant/.omx/team/continue-the-autonomous-portfo/worktrees/worker-1/var/reports/exact_window_backtests/followup_status/autonomous_secondary_pair_exec_takeprofit_bnbtrx_1h_decision_latest.json	
